City,Date,PM2.5,PM10,NO2,SO2,O3,AQI,AQI_Bucket
DemoCity,2020-01-01,20,40,15,5,45,55,Satisfactory
DemoCity,2020-01-02,10,25,10,3,30,35,Good
DemoCity,2020-01-03,45,90,30,8,70,120,Moderate
DemoCity,2020-01-04,80,150,55,15,90,190,Poor
DemoCity,2020-01-05,130,250,90,25,110,280,Very Poor
DemoCity,2020-01-06,220,400,150,45,140,420,Severe
DemoCity,2020-01-07,18,35,12,4,40,45,Good
DemoCity,2020-01-08,35,70,25,7,60,90,Satisfactory
DemoCity,2020-01-09,55,110,40,10,75,145,Moderate
DemoCity,2020-01-10,100,190,70,18,100,220,Poor
DemoCity,2020-01-11,160,300,110,30,125,330,Very Poor
DemoCity,2020-01-12,250,450,180,50,160,500,Severe
DemoCity,2020-01-13,22,42,16,5,47,58,Satisfactory
DemoCity,2020-01-14,12,28,11,3,32,38,Good
DemoCity,2020-01-15,48,95,32,8,72,125,Moderate
DemoCity,2020-01-16,85,160,58,16,92,195,Poor
DemoCity,2020-01-17,135,260,95,26,112,285,Very Poor
DemoCity,2020-01-18,230,410,155,46,142,430,Severe
